,test_score,train_score
Dummy,0.847887323943662,0.847887323943662
Logistic,0.696338028169014,0.706056338028169
SVC,0.676056338028169,0.7035211267605634
